F_st_norm,S_st_norm
0.006643273922791511,0.9982347259335717
0.0072486067290883525,0.9980513772675217
0.009234504890092686,0.997568597006394
0.010170311174375911,0.9972242307450719
0.013321096853252364,0.9965599536919559
0.014062415159815229,0.9964128029640889
0.014251042666261315,0.9962950640055807
0.015133115581751379,0.9958061691244964
0.016390322304738587,0.9957314197935935
0.017701831454957146,0.9953867079717932
0.024514709671075427,0.9936673387945456
0.024592287370562852,0.9934882466373021
0.02513256879211778,0.9933427360008359
0.030955741841753218,0.9915105371960258
0.03281828871137982,0.9910207464473786
0.03753704018946879,0.98987480602559
0.03762680363767717,0.9898639751254642
0.042342593554328,0.9883413549474487
0.04535397173881389,0.9875304313809508
0.04581988564812863,0.987508538916671
0.05447120622522314,0.98506968820533
0.05480162033374303,0.98499521443003
0.05742502816950525,0.9842110274786047
0.057626833074229215,0.9838866148645488
0.06008182165756994,0.9835749805552263
0.06264693489389336,0.9826847229235234
0.06799996777541122,0.9812857483660384
0.06913393598798843,0.9808665142072759
0.07409490843826831,0.9793881596827075
0.07548377287882913,0.9788483651488482
0.07658490372954649,0.9787384548498548
0.0787209363173823,0.9775537802577241
0.08032605885774832,0.9774851965104911
0.08454167548162413,0.9766413487504921
0.0855681492646069,0.9762970787310542
0.0891610012520944,0.9753793600438669
0.09136542224705614,0.9748191041482708
0.09254966545191039,0.973272277953342
0.09380847416019336,0.9731188888225074
0.0958169205317173,0.9721496698973094
0.09694463272718339,0.9721100589005663
0.0988136371580618,0.9719828660519066
0.10162642860405563,0.9704434095234786
0.10941320004000904,0.9683803719171791
0.11045885827304049,0.9683422565227212
0.11512108081530723,0.9660981950143009
0.11955464793660875,0.9641756000388961
0.12086229860909654,0.9639058012122953
0.12628058624245653,0.9622318959311411
0.13042760620123917,0.9607849639153384
0.1353559355298357,0.9590667664653788
0.13699499734035397,0.9579188845771017
0.14006967688461353,0.9572353213431314
0.1411565497747677,0.9557799510877688
0.14202084824887012,0.9554544476945553
0.14469807251732367,0.9553281108270206
0.148262798131136,0.9533748094894805
0.1559433266012245,0.9502886609202277
0.15716306660314158,0.950137057725573
0.15757475137951527,0.9498754174386164
0.16262276766896835,0.9484667484713217
0.1650130685783061,0.9473978632629966
0.1703380837927414,0.9441487434052293
0.17192000374075173,0.9439319564085524
0.17356498193202555,0.943895539254748
0.1736243395917215,0.9435478659499075
0.17872495620180806,0.9420644594093945
0.18455660959040254,0.9388120408843641
0.18575255467150809,0.9384037376098641
0.19008959056091046,0.936571642665465
0.19341275137903322,0.9360910875604157
0.19794757810522767,0.9342141558411344
0.19798009669169436,0.9337262722704524
0.20038463346781102,0.9322310152823324
0.20541563438247643,0.9306099410019252
0.21265319905773378,0.9268220625803952
0.21808546539931958,0.9262042372957232
0.2208681451110846,0.9244767053417353
0.22583838344227788,0.922725873418769
0.22641319678984603,0.9219069445233566
0.234321911573998,0.9189667964082054
0.2409591579518818,0.9164957543921942
0.243156526668291,0.9144920406318952
0.24360527457624068,0.9140753850814105
0.24521205792165165,0.9138838226594419
0.25612422226942205,0.9093309422306308
0.26196818002036726,0.9075430872181315
0.26459886758829165,0.9055487971831544
0.26507408455315107,0.9053444860388078
0.26584113065520476,0.9037744333179077
0.26751700856405325,0.902515282275229
0.27260659324561615,0.901582899450619
0.27560207678333964,0.9003866111831332
0.27710851839812173,0.8967919698573088
0.2846310473411517,0.8960651738214439
0.28592467331105365,0.8950319172649122
0.28736241522108846,0.8947046143118619
0.2933636105747708,0.8917800158873044
0.3003283434286103,0.8873609395127577
0.30529386087266586,0.8862395376529486
0.31769824324815343,0.878948344448768
0.32125895953130346,0.8783050412604999
0.3230216440156872,0.8777560300829669
0.3266208670647953,0.8766485810799098
0.33419280795609513,0.8717358091423856
0.3446216305579937,0.8659449552978191
0.3468736700243395,0.8646530093446291
0.353099499952556,0.8632205739926898
0.3577415799198873,0.8602777975581187
0.3606077622244291,0.8586739731986417
0.3646569076443765,0.8569111699780338
0.3686118787493147,0.8545847530040809
0.37260966321857797,0.8503604553995074
0.38216620645790245,0.8455590190851916
0.3833611155321169,0.8455322958463541
0.39095777929125297,0.8427084007781088
0.4052727551445472,0.8341180565721399
0.41581705141131814,0.8308379440183262
0.4181830304230726,0.826218030356721
0.4183805362637901,0.8240475790497241
0.42883897090690787,0.823679847536179
0.4437393229334343,0.8095548425829738
0.4499427086083281,0.8065241673853791
0.4559463291489365,0.8048230114241903
0.46839339802127594,0.7995375007301943
0.4707630328873961,0.7933204537339861
0.48490571348829975,0.7916232026953764
0.4853187793282943,0.79138490884113
0.49933511595672503,0.7815482323661272
0.5251739677257912,0.7645752686416294
0.5260612651179541,0.7640559176963818
0.5292475613529936,0.760870955783901
0.541503405830193,0.7519847492830596
0.5607593320398835,0.7401397086693874
0.5662872811772897,0.7329526273285513
0.5758782070620488,0.7304262089044138
0.5788266288141456,0.726053412082503
0.5852413889975173,0.7214283539362497
0.5918405141835701,0.7155749596811861
0.6004711984466427,0.711854547877321
0.6097637992376288,0.7045821840310739
0.6223962436708639,0.6971228488837328
0.6318879432539065,0.6851997713646334
0.6385472420215734,0.6841195263871573
0.6388714994541708,0.6784951193894164
0.6482920983937313,0.6769514407695701
0.64946961307926,0.666980384175589
0.6690024389050804,0.6590592947296983
0.6770307421779387,0.6514065142916052
0.6817392462508646,0.6416663778183764
0.6911089038437928,0.6407217260942187
0.6974641546091204,0.6284212703680687
0.7068256461801138,0.6265934084892697
0.7121930546091467,0.6155579698236526
0.7228174469677047,0.6064934209667021
0.7244750472417503,0.6064683744634485
0.7328270529671891,0.592041190534365
0.7387114944533734,0.5901649146165935
0.7455258684138385,0.5837745453989043
0.7498452522547893,0.5799304174696355
0.7499105139993586,0.5788512843691704
0.7582522555411311,0.5645826414421373
0.7604128269546906,0.5603690969802667
0.7685728750389335,0.5598216205801207
0.7714932154214155,0.5580120392006183
0.7719063161159109,0.5518123290167466
0.7720547841273476,0.5510510675770297
0.7814054644974744,0.5497769279446135
0.7842861089865918,0.5422397637724595
0.7970697517072391,0.5267094381478911
0.7993825081224385,0.5209205609810121
0.8074331042985171,0.5145549457986706
0.8167321120929333,0.5038645688812934
0.8225692692307482,0.4954138124230293
0.8309486303796679,0.482254499146196
0.8365059017562346,0.4714653174886498
0.8449421054708541,0.4714078316714058
0.8466796848964612,0.45709955830440746
0.8473376437873471,0.4565704645680993
0.8597603265947367,0.43812470110101415
0.869965881114172,0.4280186130762174
0.8742023263358993,0.4162447335242471
0.8742804098763375,0.4161040803220266
0.8799921820719829,0.41338926508185786
0.8917707327807246,0.3804499759449839
0.9026858741386057,0.370477803747202
0.903592677310779,0.3692550133585534
0.9145384411104542,0.34900993148136533
0.9172890091033403,0.33594456946920215
0.926444037946362,0.3214063383229767
0.9267136906799793,0.31820091901266123
0.9288145604765479,0.31458583105184595
0.93255132315752,0.30931449064157057
0.9375269260988307,0.29305743767674003
0.9476782169056825,0.2619507089463274
0.9521866794214129,0.25641268949598456
0.9529154070275935,0.24368575784612476
0.957823188162657,0.24222544840941923
0.9609952329326895,0.2313913903843655
0.9621926872100474,0.22189984147177355
0.9661649011797612,0.21190865426215993
0.968554576118754,0.19715647487598306
0.9724237234820272,0.18048664899983008
0.9753452358294189,0.17498054711298053
0.9775219903134643,0.16273360345187346
0.9775555846764422,0.16245588026510804
0.9817348033711162,0.1556777241344372
0.9881407225726974,0.11079929399094861
0.9921323104589885,0.09263706073902753
0.9934844083566153,0.08332664569719102
0.9994825893234539,0.01069339303422029
1.0,0.0
0.0,1.0
0.00013908076426494043,0.9999077923984825
0.0007086101929369855,0.9998285431834543
0.0009187988763541253,0.9997132650553425
0.001294641439193831,0.9996918281201749
0.002253907203569227,0.999265745828916
0.002469723900606914,0.9990276886747574
0.0032279801041569392,0.9990206204709737
0.004044158372636027,0.998832307123683
0.004515207955030321,0.9986953657262542
0.005094517711067209,0.9984003333713724
0.005562094486866714,0.9983478149260797
0.0066774732455966695,0.9981519530624868
0.0074230885587682136,0.9980001116522871
0.007425886328708458,0.9979981324797635
0.00769266505549104,0.9978493108101041
0.008765307867065949,0.9977178811175095
0.009401560762813245,0.9973831449775941
0.011052768536264187,0.9969928071469449
0.011405524173731654,0.9969003327011302
0.01155226386190651,0.9968720208449134
0.011989278442500632,0.9968255332157873
0.014974877396551492,0.996274308407903
0.01629701990601182,0.995745827627914
0.01672575093834991,0.9954347256257483
0.01857640051127334,0.9952652936258733
0.019459283507935608,0.9947204121689924
0.019630065897944915,0.9946727883021272
0.020810866882312262,0.9946133299772826
0.02150653560673646,0.9942565317861348
0.0217324403798502,0.994070545573897
0.022309448283692197,0.9939546536750358
0.022416812769821975,0.9936921539791339
0.02537887533994968,0.9932275041354257
0.025387850226402907,0.9931344180889558
0.026405528266093877,0.9930534630456763
0.02872339399623756,0.9923773284212694
0.02879572059010022,0.9922337324369647
0.029588586399565884,0.9921044825604234
0.02996416571249998,0.9919065996069482
0.03049749870760628,0.9916913369547102
0.031585179172868585,0.9915087060280668
0.03237059283700531,0.991432551063592
0.03556555387348835,0.9909343914771707
0.036137761173102516,0.990441674812352
0.03641090361712115,0.9901610738793253
0.03720938944505454,0.9901551585523898
0.03837754504833826,0.9897655840485947
0.03910908365809434,0.9896306997357495
0.03929717303578345,0.9894197794115634
0.03964487739390032,0.9891968788670908
0.04106713685620964,0.9889714205338452
0.0411829357111907,0.9887113494983651
0.04210166216633493,0.9884509048458173
0.042657251965212674,0.9882890372642432
0.04372375851316117,0.9882435474816553
0.04388122630192618,0.9880945405446926
0.04459224173836955,0.987993439638419
0.0453493240449154,0.9879871298646015
0.04677873619406411,0.9874507945025203
0.04730876985071452,0.9873977846158876
0.047413398967899666,0.9871774745353162
0.0483647677282354,0.9870633371397706
0.04844748060767365,0.986763300284219
0.049627302699158646,0.98663820781894
0.05090010389901986,0.9864826709698624
0.05139772945429326,0.9864155752218529
0.05156446334628383,0.9863164814415989
0.051867651352313436,0.9858813679698448
0.05384043263648743,0.9856904414731765
0.05605824484145563,0.984904411905385
0.056236791721303254,0.9846622077110558
0.05641232410517205,0.9843015443858311
0.058235461508390325,0.9838533542187807
0.05924117390454338,0.9836797044161305
0.06145435931699592,0.9834297298867964
0.06194876914338682,0.9828749469539195
0.0626396855538212,0.9826878556017574
0.06344583042692567,0.9824222236554545
0.06476347543656676,0.9823773452364087
0.0650904926924437,0.9822650217202303
0.06543154031784489,0.9820239939748199
0.0663012047601898,0.9817114114682468
0.06697986044612478,0.981545282424278
0.06721459680733077,0.981482500174538
0.06839549741987147,0.9812023991467359
0.07089096895025378,0.980203079016783
0.07191803894204964,0.9801469392921114
0.07283593967737337,0.9799271453074206
0.07474547199872324,0.9793148380626087
0.07491947097452725,0.9793055248574645
0.07721906726308075,0.9787358882312199
0.07754630225146393,0.9782981840996893
0.0783771101661878,0.9782246683721166
0.07837749083732172,0.9779630368170839
0.0786819284275328,0.9779144333510307
0.08143250747539503,0.9772694913136257
0.0816771931535257,0.9768869695033672
0.0821392829828602,0.976853869872421
0.08385100886919009,0.9766962585316128
0.08530028737650804,0.9764016052628485
0.08634267801321459,0.9759214763983686
0.08670113871364701,0.9755645590685208
0.0872570588562331,0.975480555269353
0.0924625894259819,0.9739947863207308
0.09524747472474479,0.9730683973382078
0.09543015533304212,0.9726173085486911
0.09749412411612846,0.9720535554453853
0.09934677282891598,0.9716176705076348
0.09938572545601046,0.9715710510439827
0.10032915549442363,0.9713053255516608
0.10049027043100271,0.9712496444540267
0.10094978677504815,0.9710325493709492
0.10148115776854323,0.9707092616338523
0.10298841254453112,0.9703781017734965
0.10354513948615386,0.9701832437976536
0.10502733004008334,0.9697320947042534
0.10648635543093678,0.9693361112208514
0.10693894794029787,0.9692361545419754
0.10749933114049025,0.9684506440288158
0.11112413961639712,0.9678282934889855
0.11186346078794718,0.9675206494163349
0.11258414952260895,0.9673685234557233
0.11265010472744583,0.9667464763682917
0.11345980682512628,0.9666256936281015
0.11350294487430519,0.9664724538111052
0.11375914077541559,0.9664406224276806
0.11690850353131693,0.9659393663020568
0.11831764643207496,0.9655040397435236
0.11855057158397073,0.9652496597626773
0.11954163643977306,0.9647572062359849
0.12015060718611949,0.964170560703314
0.1206255574289619,0.9640378692270887
0.12287661928375168,0.9637725860989824
0.1245926832276367,0.9628104161920774
0.12488544654467967,0.9627265798973964
0.12672718216892745,0.9622181293416869
0.12718425197599767,0.9616424449199624
0.12745156535942587,0.9613720666833007
0.1296917307788759,0.9613460945342519
0.13374484044054244,0.9598150451166415
0.13486063261900497,0.9591807700573343
0.1384497232832073,0.9578589561149559
0.13854593266776377,0.9574122815861934
0.14598057370902778,0.9545990401868211
0.14722848695610236,0.9540950309123771
0.14775895471155612,0.9534831136660102
0.14804868088507664,0.9533929140100967
0.15080729595077833,0.95257136049628
0.1525813758157343,0.9517316135549857
0.1549187942903377,0.9516853115849141
0.15502646506600262,0.9511223309115189
0.15748341063478435,0.9501147001394361
0.15871840552168223,0.9494640766865334
0.16091695043905777,0.9493879767785397
0.1634789861074283,0.9479260946006816
0.16528737130978413,0.9473812842414547
0.16940385336601485,0.9464164903192362
0.17033575152420422,0.9445456724054813
0.1713781101924256,0.9440748655193062
0.1753466451832696,0.9434696581070176
0.17710284664155684,0.9425754954960343
0.1791310180615722,0.9411093358197631
0.17990154054742502,0.9402914492449376
0.18447981151532467,0.9400058420895993
0.1896592173371163,0.9378923805245042
0.1909895853309447,0.9364294880207753
0.19441361774248392,0.9346244660354692
0.19527980931760344,0.9343257603911064
0.1990710799109354,0.933479362538179
0.2048860248690877,0.9314199781286582
0.2069650021021308,0.9288362115671397
0.21077588131302533,0.9287469109849613
0.21132775554853958,0.9279948622147066
0.21837345491085222,0.9255150039451787
0.22445307663049693,0.9231915917015168
0.22935464302574984,0.921045117329872
0.23015204758808314,0.9202978613394813
0.2366108575186625,0.9184500648030316
0.2467751397293751,0.9132828901991847
0.2469473077990136,0.9129298547559247
0.2475972474101429,0.9124569491770841
0.24915277696336138,0.9113846558019326
0.2505190709096424,0.9105205460917725
0.2536820283194492,0.9103556841458458
0.2539696782875931,0.9101305198475103
0.25674724249605235,0.9080599535908096
0.25929107251024763,0.9075763696421637
0.26198045060744146,0.9074304754659892
0.2624902326996211,0.9064367259633157
0.27393488271797967,0.9005800766026706
0.2767504281343809,0.8973394465873497
0.28001241368495,0.8964879359455248
0.283683989884116,0.8964647573884335
0.2890835366043913,0.8933807669342896
0.290889334267289,0.8919028140112134
0.2953793809509084,0.8896169626281373
0.3002599413553511,0.8880207239085253
0.3058239870111649,0.8834811686997937
0.3113466438828648,0.883427570155714
0.31718156580149515,0.881145837895394
0.3294467563900369,0.8753690098351246
0.3331061338493691,0.8722174437585951
0.3398066782078821,0.8694412942319873
0.343379963206765,0.8662577812467215
0.3452315014138435,0.8648376232118214
0.3722816996041893,0.854148546794415
0.3780418753119605,0.8498954226810376
0.38196294536018166,0.8489235731477685
0.38512193537952105,0.8443143725001603
0.3902261229854099,0.8442415400327502
0.3939855898955588,0.8419756521731885
0.39583701519232434,0.840328761140021
0.40231088743302795,0.8379423966885339
0.40552519216376387,0.8339727123576903
0.40889642813494503,0.8333036231330347
0.41751775947583986,0.8301184909016456
0.4272241220731522,0.8239529129734697
0.431255748330717,0.8216831561447945
0.43384199426364217,0.8213179732602656
0.4367161772747721,0.8175472343683531
0.4427992739635023,0.8152564432163072
0.44501134291632266,0.808304958565211
0.4507877219654045,0.8050167181932811
0.45635507819250015,0.8047621072803662
0.4638879021235744,0.8031280925670059
0.47005236749960044,0.796694289872965
0.4787727280685661,0.7932400224618144
0.4798086692038463,0.7930113091003071
0.4861285625779886,0.7837926450999523
0.4862576016647413,0.782337111046273
0.49730228145476935,0.7816102921548292
0.5056355702202455,0.7778340955063221
0.508120948282472,0.772438517441793
0.5150765403969206,0.7706159446965503
0.5315525423244294,0.7559911192099364
0.5414978384552391,0.7550582157172988
0.5442767990749408,0.7518765095083357
0.5492721327518916,0.7514755247407456
0.5557754115729382,0.7447669071163877
0.5654573992532437,0.7357747011824072
0.5677177429307482,0.7321076315112728
0.5718790964443043,0.7310500410981315
0.5769307130343414,0.728103761888863
0.5895390398950565,0.7208189565406632
0.5929698584290168,0.7149380782302066
0.6060041728690477,0.7093902347623229
0.61413851815781,0.699888142654644
0.624618036859676,0.6917340839054482
0.6276395449310878,0.6899868437722881
0.6302851371413274,0.6894672606217804
0.6403611055851038,0.6774145421916153
0.6654785331826674,0.661763263332691
0.6711681498276144,0.6554293437765824
0.6777822055169469,0.6475035105918697
0.6800711262029107,0.6422459260030506
0.6903161391014662,0.6408492502869174
0.6935527506481202,0.6366111581548571
0.7083998109268911,0.6222213202109265
0.7089078623797206,0.6169603490376683
0.7108037519347769,0.6158639188824415
0.7191214080705746,0.6098109235106479
0.721334873006181,0.6091755383681366
0.7246803816871262,0.5980052931316325
0.7295284478988067,0.5956882660326211
0.7306102894974923,0.5947436579732377
0.742388832821429,0.5895195168078087
0.7548760405743798,0.5742703088203924
0.757983536235543,0.5703870915830225
0.7584524074459871,0.560943750534967
0.773048113074618,0.5510424378485421
0.7737252040388133,0.5502365594371906
0.7847464587707518,0.539313335669628
0.785612846995103,0.537522823858441
0.7880234465061176,0.5326784645038828
0.7963170662335352,0.5318599659727343
0.7993934821810921,0.5169977170820125
0.7998117727443239,0.5158238921940558
0.8039683124159752,0.5154835358239662
0.8074816369214474,0.5133383561481913
0.8078821219842652,0.5128139087902691
0.8100585659548448,0.5074313940499566
0.8103105571169671,0.5066647673687393
0.813919790356105,0.5061481203044661
0.8285580390740918,0.4897478308023519
0.8312528063044526,0.4748881018861213
0.8329715268783656,0.47410825386585365
0.8461212370729702,0.4616822075063081
0.8465130619543948,0.46001548292333444
0.8514896855509331,0.4520747635660013
0.8519660027749331,0.4510642884547412
0.8529915865454256,0.4497179178628269
0.8542063845647223,0.44737586182234756
0.85924774435994,0.4441189707635986
0.8598790779771991,0.4312732618088532
0.8630837013701014,0.43076453722846353
0.8639171347628599,0.4290722571236466
0.872168286465625,0.42337518766812776
0.8726208643347214,0.42116354422636015
0.8814462740048759,0.4040813023859157
0.8856300697830718,0.3996698808932269
0.8884599692312153,0.39261134349875737
0.8942077579492778,0.37813170712411803
0.8995010921483247,0.3755913222195707
0.9029930151696965,0.3692869592363667
0.9069000575363493,0.3575288722348466
0.9079628596648354,0.3565092875155691
0.9101981908664626,0.3550201101630075
0.9123097278945583,0.34908038267476243
0.9149478029271062,0.3433161950641061
0.9200641944102602,0.3314255849980606
0.9209391027512747,0.33044989665019653
0.9229455946070434,0.32395654551311376
0.9258947510199096,0.3232806192487005
0.9281997638264433,0.31582270329673323
0.930385700383769,0.3096359699013403
0.932796263516434,0.3032212001726681
0.9353980641849071,0.29733144178936105
0.9390782289647902,0.28683275808209113
0.9430536547749453,0.27740831067521804
0.947537627923339,0.2709095052351337
0.9492116034506493,0.2602190234934322
0.9610235688658684,0.2282627457886324
0.9640138322842371,0.21701912258689324
0.9675521780085165,0.20722387722508942
0.9686618321731498,0.1956603698448512
0.9694894680332209,0.19287347654148201
0.971379900726707,0.19045851268337757
0.9724373744698278,0.17833437636779276
0.9749965091669225,0.17791293605287536
0.9755440939584826,0.16927944159622993
0.9786957351389218,0.15668291381831212
0.9821585496318107,0.14942190157629984
0.9829248276333076,0.13420570041092195
0.9830898392368004,0.13296077268783585
0.9869703349111034,0.13087562852532658
0.9872370058286261,0.11365297501778172
0.9901749161576667,0.10906759806386823
0.9906752291635142,0.10270601246340222
0.9945240441619604,0.08038130404088606
0.9954993497307969,0.07782055834636536
0.9976414970220239,0.0590572241400141
0.9983215161240383,0.048668535659233576
