F_st,S_st
1.1073916603,99.7901287255
1.1223675878,99.7865717472
1.1714986882,99.7772057728
1.1946505262,99.7705250407
1.272600932,99.7576380145
1.2909411394,99.754783279
1.295607782,99.7524991341
1.317430257,99.7430145356
1.3485335386,99.7415643928
1.3809802617,99.7348769568
1.5495307998,99.7015210618
1.5514500713,99.6980466601
1.5648166282,99.6952237425
1.7088818705,99.659678944
1.7549612612,99.6501769656
1.871703125,99.6279456328
1.8739238718,99.6277355125
1.9905924666,99.5981965633
2.0650939324,99.5824645834
2.0766206378,99.5820398679
2.2906542213,99.5347259755
2.298828663,99.5332811785
2.3637317463,99.518067891
2.3687243976,99.5117742612
2.4294607903,99.5057285315
2.4929216658,99.4884574646
2.6253556451,99.46131725
2.6534100072,99.4531840749
2.7761444154,99.4245038828
2.8105049076,99.4140318271
2.8377468737,99.4118995588
2.8905922983,99.3889167801
2.9303030137,99.3875862501
3.0345973263,99.3712155383
3.0599922773,99.3645366733
3.1488793991,99.3467328598
3.2034167522,99.3358638521
3.2327149171,99.3058553043
3.2638578318,99.3028795433
3.3135467747,99.2840766212
3.341446363,99.2833081648
3.3876855137,99.2808406137
3.4572739456,99.250975038
3.6499185921,99.2109519489
3.6757881662,99.2102125073
3.7911315047,99.1666775405
3.9008179104,99.1293790493
3.9331691748,99.1241449312
4.067217556,99.0916710393
4.1698147878,99.0636004463
4.2917416055,99.0302672829
4.3322919781,99.0079982855
4.4083595189,98.9947371059
4.4352487432,98.9665028104
4.4566314787,98.9601880194
4.52286598,98.9577370744
4.6110572556,98.9198428774
4.8010734522,98.8599713565
4.8312498075,98.8570302428
4.8414348847,98.851954401
4.9663227566,98.8246261141
5.0254587769,98.8038896584
5.1571995994,98.7408564819
5.1963362829,98.7366507974
5.2370330267,98.7359443018
5.2385015346,98.7291994128
5.3646907379,98.7004212112
5.5089657837,98.6373240403
5.5385534529,98.6294029252
5.6458516769,98.5938601416
5.7280666419,98.5845373354
5.8402582092,98.5481247149
5.8410627187,98.5386597359
5.9005509342,98.5096516347
6.0250178459,98.4782026683
6.2040751227,98.404717534
6.338469337,98.3927316757
6.4073128049,98.3592174222
6.5302764509,98.3252511475
6.5444973273,98.3093638636
6.740158851,98.2523247628
6.9043642592,98.2043863566
6.958727139,98.1655141547
6.9698291577,98.1574310048
7.0095809614,98.153714679
7.2795477969,98.0653884466
7.4241272525,98.0307039211
7.4892104363,97.9920145402
7.5009672992,97.9880508882
7.519944012,97.957591744
7.5614052145,97.9331641164
7.687321488,97.9150758175
7.7614297204,97.8918677326
7.7986990707,97.8221314129
7.9848063606,97.8080315136
8.016810654,97.7879862565
8.0523803743,97.7816365539
8.2008498866,97.7248991183
8.3731573069,97.6391686949
8.4960041582,97.6174134121
8.8028884526,97.4759637001
8.8909805374,97.4634835685
8.9345893337,97.4528327092
9.0236340755,97.4313481129
9.2109638165,97.3360399574
9.4689727821,97.223696945
9.5246882157,97.1986330936
9.6787151851,97.170843737
9.7935601965,97.1137536466
9.8644695177,97.08263933
9.9646453344,97.0484408112
10.0624912795,97.003308142
10.1613964268,96.9213564418
10.3978252098,96.828208206
10.4273872482,96.8276897731
10.6153286327,96.7729059904
10.9694809904,96.6062526485
11.2303467733,96.5426182113
11.2888810701,96.452991529
11.2937673626,96.4108846058
11.5525089298,96.403750586
11.9211434881,96.1297243976
12.0746151869,96.0709290644
12.2231446983,96.0379265072
12.5310850562,95.935387191
12.5897097988,95.8147759985
12.9395995737,95.7818491971
12.9498188184,95.7772262779
13.2965828447,95.5863939936
13.9358357759,95.2571171848
13.9577875044,95.2470417363
14.036616441,95.1852532289
14.3398259093,95.0128601356
14.8162173288,94.7830654317
14.9529787345,94.6436354979
15.1902581438,94.5946227851
15.2632020681,94.5097901886
15.4219031701,94.4200637029
15.5851654604,94.3065074017
15.7986885017,94.234331125
16.0285873512,94.093246704
16.3411138986,93.9485350253
16.5759384502,93.7172263994
16.7406894343,93.6962695633
16.7487115599,93.5871556326
16.9817770823,93.557208148
17.0109087837,93.363768879
17.4941506969,93.2100991312
17.6927708386,93.0616345989
17.8092591817,92.8726751981
18.0410644157,92.8543488816
18.1982932553,92.6157190893
18.429896462,92.5802584275
18.5626860922,92.366170064
18.8255334516,92.1903171152
18.8665424656,92.1898312111
19.0731710027,91.9099427272
19.2187520255,91.8735428293
19.3873395683,91.7495691723
19.4942010808,91.6749927932
19.4958156557,91.6540575276
19.702190257,91.3772447514
19.7556427719,91.295501663
19.9575222789,91.2848805785
20.0297714704,91.2497745598
20.0399915774,91.1294997028
20.0436646745,91.114731172
20.2750004122,91.0900127646
20.3462675277,90.9437911968
20.6625347192,90.6425016787
20.7197522895,90.530197014
20.9189239574,90.4067035872
21.1489813161,90.1993094483
21.2933925246,90.0353641195
21.5006978346,89.7800724243
21.6381846722,89.5707614658
21.8468962667,89.5696462365
21.8898839641,89.2920646267
21.9061618604,89.2818001673
22.2134989073,88.9239509296
22.4659842228,88.7278920404
22.5707938347,88.4994778666
22.5727256207,88.4967491836
22.714034807,88.444081558
23.0054360323,87.8050568015
23.275476519,87.6115958897
23.2979108203,87.5878736616
23.5687089059,87.1951175076
23.6367579302,86.9416484742
23.8632532511,86.6596056657
23.869924457,86.5974202832
23.9218999545,86.5272872972
24.0143474254,86.4250228856
24.1374437918,86.1096348009
24.3885866236,85.506161858
24.5001259406,85.3987238524
24.5181546542,85.1518203942
24.6395731098,85.1234902782
24.7180494653,84.9133087147
24.747674472,84.7291719318
24.8459470054,84.5353421273
24.9050675392,84.2491487064
25.0007902058,83.9257527953
25.0730683917,83.8189339929
25.1269212756,83.5813423388
25.1277523998,83.5759544875
25.231146228,83.4444577344
25.3896286042,82.5738127191
25.4883804481,82.2214639895
25.5218313364,82.0408412177
25.6702262728,80.6317504992
25.6830270077,80.4242978474
0.9430371307,99.8243751789
0.9464779874,99.8225863443
0.9605681397,99.8210489034
0.9657682056,99.8188124988
0.9750665468,99.8183966206
0.9987987721,99.8101305912
1.004138075,99.805512264
1.0228973258,99.8053751403
1.0430895679,99.8017218468
1.0547433298,99.7990651731
1.0690754473,99.7933415226
1.080643292,99.7923226607
1.1082377512,99.7885229254
1.1266842665,99.7855771903
1.1267534833,99.7855387942
1.1333535863,99.7826516423
1.1598907586,99.7801018961
1.1756316488,99.7736079891
1.2164825124,99.766035405
1.2252096833,99.7642413936
1.2288400217,99.7636921414
1.239651758,99.7627902778
1.3135154459,99.7520964739
1.3462252382,99.7418439059
1.3568320396,99.735808503
1.4026170913,99.7325215091
1.4244596077,99.7219507667
1.4286847623,99.72102686
1.4578977667,99.7198733639
1.4751086039,99.7129514514
1.4806974857,99.7093433045
1.4949726554,99.7070949927
1.4976288517,99.7020024783
1.5709102497,99.6929882354
1.5711322883,99.6911823589
1.5963096327,99.6896118248
1.6536536074,99.6764947608
1.6554429666,99.6737089876
1.6750584587,99.67120153
1.6843502871,99.6673625854
1.69754494,99.6631864733
1.7244541437,99.6596434192
1.7438852698,99.658166007
1.8229285735,99.6485016725
1.8370849763,99.6389429311
1.8438425176,99.6334992513
1.8635970489,99.6333844935
1.8924972067,99.625826718
1.9105954645,99.6232099519
1.9152487938,99.6191180813
1.9238509961,99.6147937935
1.9590376808,99.6104198844
1.9619025433,99.6053744862
1.9846318265,99.6003218398
1.9983771125,99.5971815962
2.0247624737,99.5962990909
2.0286582252,99.5934083448
2.0462487399,99.5914469794
2.0649789485,99.5913245693
2.1003425906,99.5809196218
2.1134556179,99.5798912259
2.1160441412,99.5756171933
2.1395809947,99.573402919
2.1416273105,99.5675821808
2.1708160971,99.5651553773
2.2023051859,99.5621379504
2.2146164371,99.5608362877
2.2187414319,99.5589138607
2.2262423001,99.5504726257
2.2750488891,99.5467686369
2.3299175406,99.5315196025
2.3343347886,99.5268208224
2.338677458,99.519823926
2.3837818589,99.5111290021
2.4086631734,99.5077601825
2.4634173581,99.5029106573
2.4756490522,99.4921478255
2.4927423172,99.4885182388
2.5126863332,99.4833649585
2.5452848574,99.4824943137
2.553375261,99.4803152288
2.5618127758,99.4756392719
2.5833282653,99.4695751471
2.6001182001,99.4663522308
2.6059255753,99.4651342503
2.6351410445,99.4597002687
2.6968789849,99.4403133809
2.7222886861,99.4392242659
2.744997541,99.4349602456
2.7922393513,99.4230814377
2.7965440842,99.4229007608
2.8534360731,99.4118497662
2.8615318634,99.4033582722
2.8820860428,99.4019320614
2.8820954606,99.396856389
2.8896272435,99.395913478
2.9576765413,99.3834015526
2.9637300625,99.3759805999
2.9751621602,99.3753384645
3.0175102413,99.3722807923
3.0533653769,99.3665644961
3.0791541107,99.357249959
3.0880224248,99.3503257352
3.1017758835,99.348696055
3.2305606571,99.3198720225
3.2994586912,99.3019000046
3.3039782076,99.2931488472
3.3550407744,99.2822119934
3.4008752848,99.2737557919
3.4018389724,99.2728513707
3.425179422,99.2676962756
3.4291654039,99.266616058
3.4405338336,99.2624043966
3.4536799466,99.2561325895
3.4909694145,99.2497080626
3.5047428334,99.2459278028
3.5414122127,99.2371754755
3.5775084861,99.2294933653
3.5887056202,99.227554198
3.6025694949,99.2123152333
3.6922472199,99.2002415847
3.7105380182,99.1942732659
3.7283678502,99.1913220105
3.7299995813,99.1792542489
3.750031603,99.1769110544
3.7510988379,99.1739381901
3.7574371219,99.1733206588
3.8353523246,99.1635962512
3.8702145057,99.1551508823
3.8759770716,99.150215891
3.9004960061,99.1406622545
3.9155619362,99.1292812858
3.9273122004,99.1267070609
3.9830034479,99.1215605477
4.0254588525,99.1028943771
4.032701814,99.1012679465
4.0782663347,99.0914039664
4.0895742371,99.0802356441
4.0961875675,99.0749902854
4.1516092373,99.0744864237
4.2518831293,99.0447839466
4.2794878165,99.0324789614
4.3682818832,99.0068356687
4.3706621024,98.9981701483
4.5545950465,98.9435930476
4.5854684076,98.9338152287
4.5985921745,98.9219439868
4.6057599971,98.9201941065
4.6740081059,98.9042559048
4.7178988238,98.8879647492
4.7757265332,98.8870664874
4.7783903071,98.8761446188
4.8391751156,98.8565965039
4.8697288766,98.8439743586
4.9241208556,98.8424980145
4.9875055921,98.8141373872
5.0322450237,98.8035680241
5.1340867481,98.7848509474
5.1571418991,98.7485569352
5.182929842,98.7394232452
5.2811113575,98.7276821746
5.3245597638,98.7103353508
5.3747367042,98.6818917397
5.3937994227,98.6660246769
5.5070658001,98.660483876
5.6352042477,98.6194825582
5.6681175384,98.5911023305
5.7528280656,98.5560847644
5.7742576364,98.5502898518
5.8680536325,98.533869668
6.0119153119,98.4939174512
6.0633491876,98.4437921801
6.1576303007,98.4420597419
6.1712836637,98.4274699376
6.3455941946,98.3793604954
6.4960039744,98.3342861182
6.6172686774,98.2926443494
6.6369964582,98.2781475254
6.7967873505,98.2423001297
7.0482515895,98.1420565428
7.0525110258,98.1352076279
7.0685905252,98.1260332231
7.1070743106,98.1052306487
7.140876409,98.0884668535
7.2191279433,98.085268519
7.2262444006,98.0809003142
7.294961311,98.0407311687
7.3578956398,98.0313496027
7.4244308267,98.0285192444
7.4370428305,98.0092404272
7.7201833561,97.8956209767
7.7898399212,97.8327525038
7.8705414107,97.8162331315
7.9613761687,97.8157834657
8.0949608999,97.7559538124
8.1396363158,97.7272814114
8.2507200253,97.6829357178
8.3714650403,97.6519685632
8.5091194735,97.5639008411
8.6457499486,97.5628610252
8.7901058578,97.5185952429
9.0935465488,97.4065243318
9.1840795101,97.3453837062
9.3498509097,97.2915261907
9.4382539444,97.2297657926
9.4840609809,97.2022146169
10.1532826103,96.9948457078
10.295789299,96.9123347711
10.3927965323,96.893480815
10.4709499134,96.804061966
10.5972274631,96.8026490105
10.6902366364,96.7586906108
10.7360408795,96.7267407974
10.8962044132,96.6804451425
10.9757262797,96.6034329595
11.0591306235,96.5904525768
11.2724222736,96.5286607652
11.512557586,96.4090480766
11.6122999788,96.3650146186
11.676283677,96.3579300424
11.7473909356,96.2847774163
11.8978866861,96.2403358908
11.9526132496,96.105476551
12.0955208088,96.0416844335
12.2332571455,96.0367449621
12.4196191333,96.0050449503
12.5721279443,95.8802286805
12.7878695765,95.8132156256
12.8134987497,95.8087785687
12.9698528478,95.6299357742
12.9730452735,95.601698301
13.2462905397,95.5875979583
13.4524560194,95.5143394513
13.5139442475,95.4096648196
13.686025526,95.3743067674
14.0936416469,95.090584022
14.3396881725,95.0724856221
14.4084396301,95.0107602756
14.5320241347,95.0029811401
14.6929151869,94.8728334394
14.9324474641,94.6983839489
14.9883683438,94.6272425137
15.0913201876,94.6067251779
15.2162971309,94.5495671334
15.5282270098,94.4082413463
15.6131054256,94.2941518523
15.9355742329,94.18652326
16.136817853,94.0021819383
16.3960810396,93.843992568
16.4708331187,93.8100959743
16.5362850432,93.800016021
16.7855644005,93.5661923514
17.406969305,93.2625563312
17.5477303632,93.139677802
17.711362034,92.9859160253
17.7679899086,92.8839184777
18.021451424,92.8568228608
18.1015251609,92.7746035457
18.4688412819,92.4954395768
18.4814104697,92.3933763292
18.5283147581,92.3721054994
18.7340934867,92.2546769211
18.7888545868,92.2423504002
18.8716224377,92.0256467788
18.9915635467,91.9806962739
19.0183282969,91.9623708045
19.3097293395,91.8610220619
19.6186627329,91.5651862477
19.6955421441,91.489851533
19.7071420131,91.3066499864
20.0682396226,91.1145637546
20.0849908462,91.0989296511
20.3576565767,90.8870182653
20.3790910126,90.8522821977
20.4387292201,90.7583012516
20.6439132882,90.7424223168
20.7200237876,90.454093539
20.7303722919,90.4313212454
20.8332050413,90.4247183055
20.920124654,90.3831016539
20.9300326504,90.3729273346
20.9838778522,90.2685061324
20.990112111,90.2536335155
21.0794045048,90.2436105225
21.4415546299,89.9254436379
21.5082231439,89.6371637478
21.5507442735,89.6220346359
21.8760679706,89.3809683756
21.8857617142,89.3486337898
22.0088833316,89.1945832202
22.0206674149,89.1749799249
22.046040347,89.1488602313
22.0760944377,89.103424163
22.200817628,89.0402402246
22.2164368153,88.7910324775
22.2957191656,88.7811631813
22.3163382993,88.7483328164
22.5204717089,88.6378092284
22.5316684808,88.5949031746
22.7500090267,88.2635063619
22.8535160919,88.1779244438
22.9235277756,88.0409882725
23.0657280103,87.7600822071
23.1966850448,87.7107985435
23.283075185,87.5884934141
23.3797353736,87.360385617
23.4060290875,87.3406055946
23.4613311588,87.3117154388
23.5135705635,87.1964842662
23.5788365131,87.0846585808
23.7054159866,86.853979826
23.7270612101,86.8350513966
23.7767017983,86.7090798824
23.8496638981,86.6959668606
23.9066898916,86.5512827144
23.9607699399,86.4312596081
24.0204072474,86.3068125793
24.0847757696,86.1925508112
24.175823009,85.9888755354
24.2741750033,85.8060405269
24.3851084536,85.6799631988
24.4265225912,85.4725670263
24.718750496,84.8526127676
24.7927295827,84.634485608
24.8802682201,84.4444570905
24.9077210529,84.2201241531
24.9281967557,84.1660582075
24.9749660414,84.1192077219
25.0011279311,83.8839985398
25.0644408976,83.8758225651
25.0779881398,83.708332105
25.1559597107,83.463958492
25.2416297062,83.323094293
25.2605874162,83.0278988137
25.2646698016,83.0037471196
25.3606732253,82.9632951616
25.3672706611,82.6291743517
25.4399545329,82.5402176842
25.4523322716,82.4168024316
25.5475519157,81.9837013618
25.5716809656,81.9340226973
25.6246776679,81.5700125627
25.6415013336,81.3684712028
